objectid,title,identifier,source,rights,rightsstatement,object_location,image_small,image_thumb,image_alt_text
e001,"Engraving of Burnside, James McGill's House",,Notman Archives (McCord Museum),,,/objects/e001.jpg,/objects/e001.jpg,/objects/e001.jpg,
e002,Campus in 1859,,Notman Archives (McCord Museum),,,/objects/e002.jpg,/objects/e002.jpg,/objects/e002.jpg,
e003,Montreal from Mount Royal by E. Whitefield (1852),PR014517,McGill University Archives,,,/objects/e003.jpg,/objects/small/e003_sm.jpg,/objects/thumbs/e003_th.jpg,
e004,Montreal from Mount Royal before 1860,PR038072,McGill University Archives,,,/objects/e004.jpg,/objects/small/e004_sm.jpg,/objects/thumbs/e004_th.jpg,
e005,Stone gate entrance to campus with Arts in the background (1865)  ,PR038103,McGill University Archives,,,/objects/e005.jpg,/objects/small/e005_sm.jpg,/objects/thumbs/e005_th.jpg,
e006,View down McTavish Street with both Rupert's and Prince of Wales Terraces (1869),,Notman Archives (McCord Museum),,,/objects/e006.jpg,/objects/e006.jpg,/objects/e006.jpg,
e007,"McGill campus with Arts, Observatory, Presbyterian College, and Old Medical Building (1873-1880)",,Notman Archives (McCord Museum),,,/objects/e007.jpg,/objects/e007.jpg,/objects/e007.jpg,
e008,"Sketch of the campus in 1875 with Arts, Gatehouse, Observatory, and Presbyterian College",PR014518,McGill University Archives,,,/objects/e008.jpg,/objects/small/e008_sm.jpg,/objects/thumbs/e008_th.jpg,
e009,Campus with many trees (1885) ,,Notman Archives (McCord Museum),,,/objects/e009.jpg,/objects/e009.jpg,/objects/e009.jpg,
e010,Sketch of campus before 1907,PR014481,McGill University Archives,,,/objects/e010.jpg,/objects/small/e010_sm.jpg,/objects/thumbs/e010_th.jpg,
e011,McGill's Tomb from Arts Building in winter (1920s) - McGill Archives,PR008989,McGill University Archives,,,/objects/e011.jpg,/objects/e011.jpg,/objects/e011.jpg,
e012,Campus before 1907 ,,Notman Archives (McCord Museum) ,,,/objects/e012.jpg,/objects/e012.jpg,/objects/e012.jpg,
e013,Campus before 1907  ,,Notman Archives (McCord Museum) ,,,/objects/e013.jpg,/objects/e013.jpg,/objects/e013.jpg,
e015,Macdonald Engineering and Physics before 1907 ,PR000650,McGill University Archives,,,/objects/e015.jpg,/objects/small/e015_sm.jpg,/objects/thumbs/e015_th.jpg,
e016,East campus in 1915 ,,Notman Archives (McCord Museum),,,/objects/e016.jpg,/objects/e016.jpg,/objects/e016.jpg,
e017,Campus from southwest (1920) ,PR002674,McGill University Archives,,,/objects/e017.jpg,/objects/small/e017_sm.jpg,/objects/thumbs/e017_th.jpg,
e018,"West campus, including power house (1920s) ",PR026578,McGill University Archives,,,/objects/e018.jpg,/objects/small/e018_sm.jpg,/objects/thumbs/e018_th.jpg,
e019,"Redpath Museum, Redpath Library, and Presbyterian College (now Morrice Hall) (1901)",PL028867,McGill University Archives,,,/objects/e019.jpg,/objects/small/e019_sm.jpg,/objects/thumbs/e019_th.jpg,
e020,Aerial view of campus (1920s),,Notman Archives (McCord Museum),,,/objects/e020.jpg,/objects/e020.jpg,/objects/e020.jpg,
e021,"Campus in winter with powerhouse, Jesse. Joseph House, Roddick Gates (1925)",PR002662,McGill University Archives,,,/objects/e021.jpg,/objects/small/e021_sm.jpg,/objects/thumbs/e021_th.jpg,
e022,Aerial of campus including Pulp and Paper Institute (1930),PR023241,McGill University Archives,,,/objects/e022.jpg,/objects/small/e022_sm.jpg,/objects/thumbs/e022_th.jpg,
e023,Aerial of campus (1930),PR026539,McGill University Archives,,,/objects/e023.jpg,/objects/small/e023_sm.jpg,/objects/thumbs/e023_th.jpg,
e024,"Biology Building (now James Administration), Greenhouses, and Power House (1925)",PR002664,McGill University Archives,,,/objects/e024.jpg,/objects/small/e024_sm.jpg,/objects/thumbs/e024_th.jpg,
e025,Campus with many trees - Notman Archives (1935),PR038060,McGill University Archives,,,/objects/e025.jpg,/objects/small/e025_sm.jpg,/objects/thumbs/e025_th.jpg,
e026,"Aerial of east campus - RVC, Pulp and Paper Institute, and Workman House (1930)",PR023243,McGill University Archives,,,/objects/e026.jpg,/objects/small/e026_sm.jpg,/objects/thumbs/e026_th.jpg,
e027,Aerial of campus (1948),,Notman Archives (McCord Museum),,,/objects/e027.jpg,/objects/e027.jpg,/objects/e027.jpg,
e028,Aerial of campus with Redpath Library extension (1955),PR023161,McGill University Archives,,,/objects/e028.jpg,/objects/small/e028_sm.jpg,/objects/thumbs/e028_th.jpg,
e029,"Redpath Library Building, Morrice Hall and Redpath Museum with student cricket players (1952)",PR028924,McGill University Archives,,,/objects/e029.jpg,/objects/small/e029_sm.jpg,/objects/thumbs/e029_th.jpg,
e030,Three Bares statue on lawn below Arts (1951),PR028921,McGill University Archives,,,/objects/e030.jpg,/objects/small/e030_sm.jpg,/objects/thumbs/e030_th.jpg,
e031,McGill's Tomb with Ginkgo tree (1950's),PR026545,McGill University Archives,,,/objects/e031.jpg,/objects/small/e031_sm.jpg,/objects/thumbs/e031_th.jpg,
e032,Aerial of east campus (1956),PR017159,McGill University Archives,,,/objects/e032.jpg,/objects/small/e032_sm.jpg,/objects/thumbs/e032_th.jpg,
e033,Campus and McIntyre Medical Sciences Building from Mount Royal (1960s),PR023163,McGill University Archives,,,/objects/e033.jpg,/objects/small/e033_sm.jpg,/objects/thumbs/e033_th.jpg,
e034,Aerial view looking west past the Stadium and the McIntyre Medical Sciences Building (1960),PR023166,McGill University Archives,,,/objects/e034.jpg,/objects/small/e034_sm.jpg,/objects/thumbs/e034_th.jpg,
e035,"Aerial with Leacock, Union, Stewart Biology, and McIntyre under construction (1964)",PR013673,McGill University Archives,,,/objects/e035.jpg,/objects/small/e035_sm.jpg,/objects/thumbs/e035_th.jpg,
e036,Aerial view from campus looking north (1963),PR036767,McGill University Archives,,,/objects/e036.jpg,/objects/small/e036_sm.jpg,/objects/thumbs/e036_th.jpg,
e037,"Aerial with Leacock, McIntyre Medical Sciences, and Prince of Wales Terrace (1967)",PR023140,McGill University Archives,,,/objects/e037.jpg,/objects/small/e037_sm.jpg,/objects/thumbs/e037_th.jpg,
e038,Percy Nobbs' watercolour of the campus from the west (1925),,CAC,,,/objects/e038.jpg,/objects/e038.jpg,/objects/e038.jpg,
e039,Lower campus aerial (1980s),PS005057-11,McGill University Archives,,,/objects/e039.jpg,/objects/e039.jpg,/objects/e039.jpg,
e040,"Aerial of campus with McLennan, Burnside, and Bronfman (1971)",PR023141,McGill University Archives,,,/objects/e040.jpg,/objects/small/e040_sm.jpg,/objects/thumbs/e040_th.jpg,
e041,Northwest campus including McIntyre Medical Sciences Building and Stewart Biological Sciences Building (1965),PR013709,McGill University Archives,,,/objects/e041.jpg,/objects/small/e041_sm.jpg,/objects/thumbs/e041_th.jpg,
e042,Arts and Leacock (1970s),PR013718,McGill University Archives,,,/objects/e042.jpg,/objects/small/e042_sm.jpg,/objects/thumbs/e042_th.jpg,
e043,McGill's tomb looking toward McLennan Library (1971),PR021491,McGill University Archives,,,/objects/e043.jpg,/objects/small/e043_sm.jpg,/objects/thumbs/e043_th.jpg,
e044,Northwest campus with Leacock (1968),PS001606,McGill University Archives,,,/objects/e044.jpg,/objects/e044.jpg,/objects/thumbs/e044_th.jpg,
e045,Northwest campus and Education (1980s),PS005057-13,McGill University Archives,,,/objects/e045.jpg,/objects/e045.jpg,/objects/e045.jpg,
e046,Aerial of west campus (1980s),PS005057-14,McGill University Archives,,,/objects/e046.jpg,/objects/e046.jpg,/objects/e046.jpg,
e047,East side of campus (1980s),,ICC,,,/objects/e047.jpg,/objects/e047.jpg,/objects/e047.jpg,
e048,Burnside Hall and Otto Maass (1980s),,ICC,,,/objects/e048.jpg,/objects/e048.jpg,/objects/e048.jpg,
e049,McConnell and Macdonald Engineering from north (1980s),,ICC,,,/objects/e049.jpg,/objects/e049.jpg,/objects/e049.jpg,
e050,East campus from Arts cupola (1980s),,ICC,,,/objects/e050.jpg,/objects/e050.jpg,/objects/e050.jpg,
e051,Burnside Hall from Redpath Museum (1980s),PS005057-03,McGill University Archives,,,/objects/e051.jpg,/objects/e051.jpg,/objects/e051.jpg,
e052,Burnside Hall and Macdonald-Stewart Library (1980s),,ICC,,,/objects/e052.jpg,/objects/e052.jpg,/objects/e052.jpg,
e053,View down McTavish Street from north with McLennan Library (1980s),,ICC,,,/objects/e053.jpg,/objects/e053.jpg,/objects/e053.jpg,
e054,Nobbs' proposed plan of the campus (1904),,,,,/objects/e054.jpg,/objects/e054.jpg,/objects/e054.jpg,
e055,Percy Nobbs' plan for Three Bares fountain and pond (1931),,CAC,,,/objects/e055.jpg,/objects/e055.jpg,/objects/e055.jpg,
e056,Percy Nobbs' proposal for new Medical Building to replace the one that burned in 1907 - current site of James Administration,,CAC,,,/objects/e056.jpg,/objects/e056.jpg,/objects/e056.jpg,
e057,Percy Nobbs' plan for a gym on McTavish Street (1915),,CAC,,,/objects/e057.jpg,/objects/e057.jpg,/objects/e057.jpg,
e058,Percy Nobbs' proposal for a residence to be built along Sherbrooke Street (1922),,CAC,,,/objects/e058.jpg,/objects/e058.jpg,/objects/e058.jpg,
e059,Percy Nobbs' plan for a World War I Memorial and Convocation Hall (1919),,CAC,,,/objects/e059.jpg,/objects/e059.jpg,/objects/e059.jpg,
e060,Percy Nobbs' proposal for a residence to be built north of Percival Molson Stadium (1918),,CAC,,,/objects/e060.jpg,/objects/e060.jpg,/objects/e060.jpg,
e062,Percy Nobbs' facade for proposed residence to be built north of Percival Molson Stadium (1918),,CAC,,,/objects/e062.jpg,/objects/e062.jpg,/objects/e062.jpg,
e063,John Ostell's proposal for the Arts Building with a two-storey porch (1839),PS005002,McGill University Archives,,,/objects/e063.jpg,/objects/e063.jpg,/objects/e063.jpg,
e064,Redpath Library extension planned by Colin Drewitt,PR017157,McGill University Archives,,,/objects/e064.jpg,/objects/small/e064_sm.jpg,/objects/thumbs/e064_th.jpg,
e065,Sketch for proposed F.D. Adams Building combined with photo of east campus (1950),PR017152,McGill University Archives,,,/objects/e065.jpg,/objects/small/e065_sm.jpg,/objects/thumbs/e065_th.jpg,
e066,Proposal for Samuel Bronfman Building on McTavish Street site (1971),PR038176,McGill University Archives,,,/objects/e066.jpg,/objects/small/e066_sm.jpg,/objects/thumbs/e066_th.jpg,
e067,Macdonald Campus,PR002687,,,,/objects/e067.jpg,/objects/small/e067_sm.jpg,/objects/thumbs/e067_th.jpg,
e068,Model of Macdonald College (1968),PU021327,,,,/objects/e068.jpg,/objects/small/e068_sm.jpg,/objects/thumbs/e068_th.jpg,